{   "person_exits_scene_through_structure": 0.9860200000000001,
    "person_enters_scene_through_structure": 0.9954799999999999,
    "person_opens_facility_door": 0.94716,
    "person_talks_to_person": 0.9963700000000001,
    "person_texts_on_phone": 0.93473,
    "person_stands_up": 0.81906,
    "person_purchases": 0.00864,
    "person_puts_down_object": 0.9671299999999999,
    "person_picks_up_object": 0.9587399999999999,
    "person_reads_document": 0.05973,
    "person_sits_down": 0.9350700000000001,
    "person_embraces_person": 0.15978,
    "hand_interacts_with_person": 0.6893,
    "person_transfers_object": 0.47885,
    "vehicle_stops": 0.8043600000000001,
    "person_opens_vehicle_door": 0.91653,
    "person_closes_vehicle_door": 0.85098,
    "vehicle_turns_left": 0.81465,
    "vehicle_starts": 0.7025600000000001,
    "vehicle_reverses": 0.15191,
    "vehicle_makes_u_turn": 0.04154,
    "person_exits_vehicle": 0.7789699999999999,
    "person_rides_bicycle": 0.036930000000000004,
    "person_enters_vehicle": 0.71545,
    "vehicle_turns_right": 0.8247700000000001,
    "vehicle_drops_off_person": 0.17937,
    "person_talks_on_phone": 0.80848,
    "person_carries_heavy_object": 0.99155,
    "vehicle_picks_up_person": 0.07457000000000001,
    "person_closes_trunk": 0.01583,
    "person_opens_trunk": 0.024659999999999998,
    "person_loads_vehicle": 0.00815,
    "person_closes_facility_door": 0.049569999999999996,
    "person_unloads_vehicle": 0.015280000000000002,
    "person_interacts_with_laptop": 0.01055}