{
    "person_abandons_package": {
        "0.02": 0.23088954389095306,
        "0.04": 0.07108314335346222,
        "0.1": 0.012879864312708378,
        "0.2": 0.005545870400965214
    },
    "person_closes_facility_door": {
        "0.02": 0.075810007750988,
        "0.04": 0.02600458823144436,
        "0.1": 0.005163244437426329,
        "0.2": 0.0022524299565702677
    },
    "person_closes_trunk": {
        "0.02": 0.04803060367703438,
        "0.04": 0.013062831945717335,
        "0.1": 0.003143496811389923,
        "0.2": 0.0019866907969117165
    },
    "person_closes_vehicle_door": {
        "0.02": 0.7667102813720703,
        "0.04": 0.27850258350372314,
        "0.1": 0.01303611695766449,
        "0.2": 0.004368397872895002
    },
    "person_embraces_person": {
        "0.02": 0.01319202221930027,
        "0.04": 0.006655467674136162,
        "0.1": 0.003338020760565996,
        "0.2": 0.0022170203737914562
    },
    "person_enters_scene_through_structure": {
        "0.02": 0.9892675280570984,
        "0.04": 0.9198921918869019,
        "0.1": 0.4487113058567047,
        "0.2": 0.07426539063453674
    },
    "person_enters_vehicle": {
        "0.02": 0.7248704433441162,
        "0.04": 0.25008663535118103,
        "0.1": 0.012119746766984463,
        "0.2": 0.004242962691932917
    },
    "person_exits_scene_through_structure": {
        "0.02": 0.994583785533905,
        "0.04": 0.9738059043884277,
        "0.1": 0.715937614440918,
        "0.2": 0.20890480279922485
    },
    "person_exits_vehicle": {
        "0.02": 0.7429215908050537,
        "0.04": 0.3128383457660675,
        "0.1": 0.021475883200764656,
        "0.2": 0.00601422181352973
    },
    "hand_interacts_with_person": {
        "0.02": 0.07366706430912018,
        "0.04": 0.029392419382929802,
        "0.1": 0.010061768814921379,
        "0.2": 0.005607941187918186
    },
    "person_carries_heavy_object": {
        "0.02": 0.3492741584777832,
        "0.04": 0.10325153172016144,
        "0.1": 0.017638005316257477,
        "0.2": 0.006712483242154121
    },
    "person_interacts_with_laptop": {
        "0.02": 0.009981883689761162,
        "0.04": 0.006351090501993895,
        "0.1": 0.0039058253169059753,
        "0.2": 0.0027407140005379915
    },
    "person_loads_vehicle": {
        "0.02": 0.01964905671775341,
        "0.04": 0.0067894961684942245,
        "0.1": 0.0025121765211224556,
        "0.2": 0.001641878392547369
    },
    "person_transfers_object": {
        "0.02": 0.025097332894802094,
        "0.04": 0.008925313130021095,
        "0.1": 0.002750530606135726,
        "0.2": 0.0015456421533599496
    },
    "person_opens_facility_door": {
        "0.02": 0.9585879445075989,
        "0.04": 0.769636332988739,
        "0.1": 0.16849738359451294,
        "0.2": 0.029916755855083466
    },
    "person_opens_trunk": {
        "0.02": 0.0572599358856678,
        "0.04": 0.014761457219719887,
        "0.1": 0.00305636553093791,
        "0.2": 0.0017908811569213867
    },
    "person_opens_vehicle_door": {
        "0.02": 0.8129696846008301,
        "0.04": 0.37185782194137573,
        "0.1": 0.027099719271063805,
        "0.2": 0.0074970233254134655
    },
    "person_talks_to_person": {
        "0.02": 0.9948458671569824,
        "0.04": 0.9922025203704834,
        "0.1": 0.9822087287902832,
        "0.2": 0.9080343842506409
    },
    "person_picks_up_object": {
        "0.02": 0.21075348556041718,
        "0.04": 0.06173735857009888,
        "0.1": 0.009141124784946442,
        "0.2": 0.00385720981284976
    },
    "person_purchases": {
        "0.02": 0.004894498735666275,
        "0.04": 0.003575563430786133,
        "0.1": 0.0023966925218701363,
        "0.2": 0.0017432800959795713
    },
    "person_reads_document": {
        "0.02": 0.04945773631334305,
        "0.04": 0.016727009788155556,
        "0.1": 0.00657807569950819,
        "0.2": 0.004126282874494791
    },
    "person_rides_bicycle": {
        "0.02": 0.22563831508159637,
        "0.04": 0.04208807274699211,
        "0.1": 0.01391545683145523,
        "0.2": 0.007620723452419043
    },
    "person_puts_down_object": {
        "0.02": 0.23088954389095306,
        "0.04": 0.07108314335346222,
        "0.1": 0.012879864312708378,
        "0.2": 0.005545870400965214
    },
    "person_sits_down": {
        "0.02": 0.22200384736061096,
        "0.04": 0.054674625396728516,
        "0.1": 0.009843608364462852,
        "0.2": 0.005311335902661085
    },
    "person_stands_up": {
        "0.02": 0.2200361043214798,
        "0.04": 0.05054013431072235,
        "0.1": 0.008256383240222931,
        "0.2": 0.00427995715290308
    },
    "person_talks_on_phone": {
        "0.02": 0.8119813203811646,
        "0.04": 0.4767473638057709,
        "0.1": 0.11517304927110672,
        "0.2": 0.02642173133790493
    },
    "person_texts_on_phone": {
        "0.02": 0.9736728072166443,
        "0.04": 0.8677297234535217,
        "0.1": 0.40962928533554077,
        "0.2": 0.09973292052745819
    },
    "person_steals_object": {
        "0.02": 0.21075348556041718,
        "0.04": 0.06173735857009888,
        "0.1": 0.009141124784946442,
        "0.2": 0.00385720981284976
    },
    "person_unloads_vehicle": {
        "0.02": 0.04276546835899353,
        "0.04": 0.01254456490278244,
        "0.1": 0.0031886568758636713,
        "0.2": 0.0018069014186039567
    },
    "vehicle_drops_off_person": {
        "0.02": 0.09785860776901245,
        "0.04": 0.03404662758111954,
        "0.1": 0.008887410163879395,
        "0.2": 0.00352508039213717
    },
    "vehicle_picks_up_person": {
        "0.02": 0.0653783455491066,
        "0.04": 0.02419840171933174,
        "0.1": 0.00734067102894187,
        "0.2": 0.003270902670919895
    },
    "vehicle_reverses": {
        "0.02": 0.5153400301933289,
        "0.04": 0.19952921569347382,
        "0.1": 0.02737172320485115,
        "0.2": 0.006956432946026325
    },
    "vehicle_starts": {
        "0.02": 0.9779438972473145,
        "0.04": 0.9398974180221558,
        "0.1": 0.5823792219161987,
        "0.2": 0.10932290554046631
    },
    "vehicle_stops": {
        "0.02": 0.9749139547348022,
        "0.04": 0.9069837331771851,
        "0.1": 0.48683714866638184,
        "0.2": 0.0836227759718895
    },
    "vehicle_turns_left": {
        "0.02": 0.9612667560577393,
        "0.04": 0.8620973825454712,
        "0.1": 0.455960214138031,
        "0.2": 0.10080698132514954
    },
    "vehicle_turns_right": {
        "0.02": 0.9761728048324585,
        "0.04": 0.8991828560829163,
        "0.1": 0.49062371253967285,
        "0.2": 0.09435129165649414
    },
    "vehicle_makes_u_turn": {
        "0.02": 0.14140820503234863,
        "0.04": 0.04671242833137512,
        "0.1": 0.009864100255072117,
        "0.2": 0.0038516810163855553
    }
}