{
    "8": {
        "min": 2,
        "max": 1514,
        "lst": [],
        "avg": 84.67445887445888
    },
    "11": {
        "min": 2,
        "max": 226,
        "lst": [],
        "avg": 74.76190476190476
    },
    "3": {
        "min": 2,
        "max": 1086,
        "lst": [],
        "avg": 73.9624217118998
    },
    "4": {
        "min": 1,
        "max": 355,
        "lst": [],
        "avg": 46.435250463821895
    },
    "7": {
        "min": 2,
        "max": 1053,
        "lst": [],
        "avg": 103.55978260869566
    },
    "2": {
        "min": 1,
        "max": 743,
        "lst": [],
        "avg": 102.88372093023256
    },
    "13": {
        "min": 2,
        "max": 123,
        "lst": [],
        "avg": 38.37426900584796
    },
    "17": {
        "min": 2,
        "max": 377,
        "lst": [],
        "avg": 50.792270531400966
    },
    "1": {
        "min": 4,
        "max": 141,
        "lst": [],
        "avg": 43.58450704225352
    },
    "0": {
        "min": 3,
        "max": 1529,
        "lst": [],
        "avg": 304.76666666666665
    },
    "9": {
        "min": 3,
        "max": 827,
        "lst": [],
        "avg": 60.80722891566265
    },
    "18": {
        "min": 2,
        "max": 226,
        "lst": [],
        "avg": 49.551532033426184
    },
    "14": {
        "min": 3,
        "max": 63,
        "lst": [],
        "avg": 26.214285714285715
    },
    "19": {
        "min": 2,
        "max": 161,
        "lst": [],
        "avg": 42.71228070175439
    },
    "20": {
        "min": 2,
        "max": 180,
        "lst": [],
        "avg": 45.06140350877193
    },
    "16": {
        "min": 3,
        "max": 117,
        "lst": [],
        "avg": 49.94736842105263
    },
    "5": {
        "min": 2,
        "max": 253,
        "lst": [],
        "avg": 41.825892857142854
    },
    "12": {
        "min": 2,
        "max": 117,
        "lst": [],
        "avg": 34.74264705882353
    },
    "21": {
        "min": 4,
        "max": 235,
        "lst": [],
        "avg": 65.57971014492753
    },
    "10": {
        "min": 2,
        "max": 1591,
        "lst": [],
        "avg": 73.33663366336634
    },
    "15": {
        "min": 5,
        "max": 99,
        "lst": [],
        "avg": 42.55555555555556
    },
    "6": {
        "min": 3,
        "max": 146,
        "lst": [],
        "avg": 61.666666666666664
    }
}